RECETA,Ingredientes en receta,gramos programados,Comprado,Precio al comprar
,Miel,0,No,
Pan (Bases%20de%20datos%20Familiares%20(Maestra%20Suprema)/Recetario%20Familiar/Pan%2024388a385be7800fb190d681e37d39de.md),Harina,31000,No,
Pan (Bases%20de%20datos%20Familiares%20(Maestra%20Suprema)/Recetario%20Familiar/Pan%2024388a385be7800fb190d681e37d39de.md),Sal,620,No,
Pan (Bases%20de%20datos%20Familiares%20(Maestra%20Suprema)/Recetario%20Familiar/Pan%2024388a385be7800fb190d681e37d39de.md),Levadura Fresca,930,No,
Lentejas (Bases%20de%20datos%20Familiares%20(Maestra%20Suprema)/Recetario%20Familiar/Lentejas%2024688a385be780e3bd65e8f55ac6ca70.md),Arroz,0,No,
Lentejas (Bases%20de%20datos%20Familiares%20(Maestra%20Suprema)/Recetario%20Familiar/Lentejas%2024688a385be780e3bd65e8f55ac6ca70.md),Pimentón,0,No,
Lentejas (Bases%20de%20datos%20Familiares%20(Maestra%20Suprema)/Recetario%20Familiar/Lentejas%2024688a385be780e3bd65e8f55ac6ca70.md),Caldo,0,No,
Lentejas (Bases%20de%20datos%20Familiares%20(Maestra%20Suprema)/Recetario%20Familiar/Lentejas%2024688a385be780e3bd65e8f55ac6ca70.md),Longanizas,0,No,
Lentejas (Bases%20de%20datos%20Familiares%20(Maestra%20Suprema)/Recetario%20Familiar/Lentejas%2024688a385be780e3bd65e8f55ac6ca70.md),Lentejas,0,No,3650
Lentejas (Bases%20de%20datos%20Familiares%20(Maestra%20Suprema)/Recetario%20Familiar/Lentejas%2024688a385be780e3bd65e8f55ac6ca70.md),Cebolla,0,No,
Lentejas (Bases%20de%20datos%20Familiares%20(Maestra%20Suprema)/Recetario%20Familiar/Lentejas%2024688a385be780e3bd65e8f55ac6ca70.md),Zanahoria,0,No,
Lentejas (Bases%20de%20datos%20Familiares%20(Maestra%20Suprema)/Recetario%20Familiar/Lentejas%2024688a385be780e3bd65e8f55ac6ca70.md),Sal,0,No,
Fideos con Bolognesa Glu (Bases%20de%20datos%20Familiares%20(Maestra%20Suprema)/Recetario%20Familiar/Fideos%20con%20Bolognesa%20Glu%2024688a385be7800c88f2c241da79d733.md),Fideos sin Gluten,560,No,
Fideos con Bolognesa Glu (Bases%20de%20datos%20Familiares%20(Maestra%20Suprema)/Recetario%20Familiar/Fideos%20con%20Bolognesa%20Glu%2024688a385be7800c88f2c241da79d733.md),Sal,60,No,
Fideos con Bolognesa Glu (Bases%20de%20datos%20Familiares%20(Maestra%20Suprema)/Recetario%20Familiar/Fideos%20con%20Bolognesa%20Glu%2024688a385be7800c88f2c241da79d733.md),Cebolla,400,No,
Fideos con Bolognesa Glu (Bases%20de%20datos%20Familiares%20(Maestra%20Suprema)/Recetario%20Familiar/Fideos%20con%20Bolognesa%20Glu%2024688a385be7800c88f2c241da79d733.md),Zanahoria,400,No,
Fideos con Bolognesa Glu (Bases%20de%20datos%20Familiares%20(Maestra%20Suprema)/Recetario%20Familiar/Fideos%20con%20Bolognesa%20Glu%2024688a385be7800c88f2c241da79d733.md),Carne Molida,3200,No,
Fideos con Bolognesa Glu (Bases%20de%20datos%20Familiares%20(Maestra%20Suprema)/Recetario%20Familiar/Fideos%20con%20Bolognesa%20Glu%2024688a385be7800c88f2c241da79d733.md),"Salsa de tomate (Bases%20de%20datos%20Familiares%20(Maestra%20Suprema)/Despensa%20Productos%20(Maestra)/Salsa%20de%20tomate%2024788a385be7800c8b35fb6bf890672e.md) ",3200,No,
Fideos con Bolognesa (Bases%20de%20datos%20Familiares%20(Maestra%20Suprema)/Recetario%20Familiar/Fideos%20con%20Bolognesa%2024788a385be7803a8a9cd4d059e94dd3.md),Fideos,1800,No,
Fideos con Bolognesa (Bases%20de%20datos%20Familiares%20(Maestra%20Suprema)/Recetario%20Familiar/Fideos%20con%20Bolognesa%2024788a385be7803a8a9cd4d059e94dd3.md),Sal,45,No,
Fideos con Bolognesa (Bases%20de%20datos%20Familiares%20(Maestra%20Suprema)/Recetario%20Familiar/Fideos%20con%20Bolognesa%2024788a385be7803a8a9cd4d059e94dd3.md),Cebolla,300,No,
Fideos con Bolognesa (Bases%20de%20datos%20Familiares%20(Maestra%20Suprema)/Recetario%20Familiar/Fideos%20con%20Bolognesa%2024788a385be7803a8a9cd4d059e94dd3.md),Zanahoria,300,No,
Fideos con Bolognesa (Bases%20de%20datos%20Familiares%20(Maestra%20Suprema)/Recetario%20Familiar/Fideos%20con%20Bolognesa%2024788a385be7803a8a9cd4d059e94dd3.md),Carne Molida,2400,No,
Fideos con Bolognesa (Bases%20de%20datos%20Familiares%20(Maestra%20Suprema)/Recetario%20Familiar/Fideos%20con%20Bolognesa%2024788a385be7803a8a9cd4d059e94dd3.md),Salsa de Tomate,2400,No,
Fideos con crema y jamón (Bases%20de%20datos%20Familiares%20(Maestra%20Suprema)/Recetario%20Familiar/Fideos%20con%20crema%20y%20jam%C3%B3n%2024788a385be780a7a512d244f50827c4.md),Fideos (Bases%20de%20datos%20Familiares%20(Maestra%20Suprema)/Despensa%20Productos%20(Maestra)/Fideos%2024688a385be7800a81eec78ac805a286.md),2400,No,
Fideos con crema y jamón (Bases%20de%20datos%20Familiares%20(Maestra%20Suprema)/Recetario%20Familiar/Fideos%20con%20crema%20y%20jam%C3%B3n%2024788a385be780a7a512d244f50827c4.md),Crema sin lactosa (Bases%20de%20datos%20Familiares%20(Maestra%20Suprema)/Despensa%20Productos%20(Maestra)/Crema%20sin%20lactosa%2024688a385be7804fa5bfc491266afc81.md),1600,No,
Fideos con crema y jamón (Bases%20de%20datos%20Familiares%20(Maestra%20Suprema)/Recetario%20Familiar/Fideos%20con%20crema%20y%20jam%C3%B3n%2024788a385be780a7a512d244f50827c4.md),Jamón (Bases%20de%20datos%20Familiares%20(Maestra%20Suprema)/Despensa%20Productos%20(Maestra)/Jam%C3%B3n%2024688a385be7800eb21ceceeb54659f4.md),1000,No,
Fideos con crema y jamón (Bases%20de%20datos%20Familiares%20(Maestra%20Suprema)/Recetario%20Familiar/Fideos%20con%20crema%20y%20jam%C3%B3n%2024788a385be780a7a512d244f50827c4.md),"Queso rallado (Bases%20de%20datos%20Familiares%20(Maestra%20Suprema)/Despensa%20Productos%20(Maestra)/Queso%20rallado%2024788a385be78051b628e70fa5fce3f0.md) ",80,No,
Fideos con crema y jamón Glu (Bases%20de%20datos%20Familiares%20(Maestra%20Suprema)/Recetario%20Familiar/Fideos%20con%20crema%20y%20jam%C3%B3n%20Glu%2024788a385be78096bf21c847c8ab7a8f.md),"Fideos sin Gluten (Bases%20de%20datos%20Familiares%20(Maestra%20Suprema)/Despensa%20Productos%20(Maestra)/Fideos%20sin%20Gluten%2024688a385be7807f8906d4953d73b559.md) ",560,No,
Fideos con crema y jamón Glu (Bases%20de%20datos%20Familiares%20(Maestra%20Suprema)/Recetario%20Familiar/Fideos%20con%20crema%20y%20jam%C3%B3n%20Glu%2024788a385be78096bf21c847c8ab7a8f.md),Crema sin lactosa (Bases%20de%20datos%20Familiares%20(Maestra%20Suprema)/Despensa%20Productos%20(Maestra)/Crema%20sin%20lactosa%2024688a385be7804fa5bfc491266afc81.md),200,No,
Fideos con crema y jamón Glu (Bases%20de%20datos%20Familiares%20(Maestra%20Suprema)/Recetario%20Familiar/Fideos%20con%20crema%20y%20jam%C3%B3n%20Glu%2024788a385be78096bf21c847c8ab7a8f.md),Jamón (Bases%20de%20datos%20Familiares%20(Maestra%20Suprema)/Despensa%20Productos%20(Maestra)/Jam%C3%B3n%2024688a385be7800eb21ceceeb54659f4.md) (1),200,No,
Fideos con crema y jamón Glu (Bases%20de%20datos%20Familiares%20(Maestra%20Suprema)/Recetario%20Familiar/Fideos%20con%20crema%20y%20jam%C3%B3n%20Glu%2024788a385be78096bf21c847c8ab7a8f.md),Queso rallado (Bases%20de%20datos%20Familiares%20(Maestra%20Suprema)/Despensa%20Productos%20(Maestra)/Queso%20rallado%2024788a385be78051b628e70fa5fce3f0.md),40,No,
Tomaticán (Bases%20de%20datos%20Familiares%20(Maestra%20Suprema)/Recetario%20Familiar/Tomatic%C3%A1n%2024788a385be780da9019d20e77602d33.md),Arroz (Bases%20de%20datos%20Familiares%20(Maestra%20Suprema)/Despensa%20Productos%20(Maestra)/Arroz%2024688a385be7806eb9f7f7ab70a8dcdd.md),350,No,
Tomaticán (Bases%20de%20datos%20Familiares%20(Maestra%20Suprema)/Recetario%20Familiar/Tomatic%C3%A1n%2024788a385be780da9019d20e77602d33.md),Tomate (Bases%20de%20datos%20Familiares%20(Maestra%20Suprema)/Despensa%20Productos%20(Maestra)/Tomate%2024788a385be7806cb583e339ff144cd5.md),1000,No,
Tomaticán (Bases%20de%20datos%20Familiares%20(Maestra%20Suprema)/Recetario%20Familiar/Tomatic%C3%A1n%2024788a385be780da9019d20e77602d33.md),Cebolla (Bases%20de%20datos%20Familiares%20(Maestra%20Suprema)/Despensa%20Productos%20(Maestra)/Cebolla%2024688a385be78035811fc2f9ededdb23.md),200,No,
Tomaticán (Bases%20de%20datos%20Familiares%20(Maestra%20Suprema)/Recetario%20Familiar/Tomatic%C3%A1n%2024788a385be780da9019d20e77602d33.md),Choclo (Bases%20de%20datos%20Familiares%20(Maestra%20Suprema)/Despensa%20Productos%20(Maestra)/Choclo%2024688a385be780c1b0d5f0871c586323.md),250,No,
Tomaticán (Bases%20de%20datos%20Familiares%20(Maestra%20Suprema)/Recetario%20Familiar/Tomatic%C3%A1n%2024788a385be780da9019d20e77602d33.md),Carne molida (Bases%20de%20datos%20Familiares%20(Maestra%20Suprema)/Despensa%20Productos%20(Maestra)/Carne%20molida%2024688a385be780458ebce3f8e8143f04.md),800,No,
Charquicán (Bases%20de%20datos%20Familiares%20(Maestra%20Suprema)/Recetario%20Familiar/Charquic%C3%A1n%2024788a385be78023b06ff892a977d814.md),Papas (Bases%20de%20datos%20Familiares%20(Maestra%20Suprema)/Despensa%20Productos%20(Maestra)/Papas%2024688a385be78051952ef07bb7a71e4d.md),1000,No,
Charquicán (Bases%20de%20datos%20Familiares%20(Maestra%20Suprema)/Recetario%20Familiar/Charquic%C3%A1n%2024788a385be78023b06ff892a977d814.md),Choclo (Bases%20de%20datos%20Familiares%20(Maestra%20Suprema)/Despensa%20Productos%20(Maestra)/Choclo%2024688a385be780c1b0d5f0871c586323.md),250,No,
Charquicán (Bases%20de%20datos%20Familiares%20(Maestra%20Suprema)/Recetario%20Familiar/Charquic%C3%A1n%2024788a385be78023b06ff892a977d814.md),Carne molida (Bases%20de%20datos%20Familiares%20(Maestra%20Suprema)/Despensa%20Productos%20(Maestra)/Carne%20molida%2024688a385be780458ebce3f8e8143f04.md),800,No,
Charquicán (Bases%20de%20datos%20Familiares%20(Maestra%20Suprema)/Recetario%20Familiar/Charquic%C3%A1n%2024788a385be78023b06ff892a977d814.md),Cebolla (Bases%20de%20datos%20Familiares%20(Maestra%20Suprema)/Despensa%20Productos%20(Maestra)/Cebolla%2024688a385be78035811fc2f9ededdb23.md),200,No,
Charquicán (Bases%20de%20datos%20Familiares%20(Maestra%20Suprema)/Recetario%20Familiar/Charquic%C3%A1n%2024788a385be78023b06ff892a977d814.md),Arvejas (Bases%20de%20datos%20Familiares%20(Maestra%20Suprema)/Despensa%20Productos%20(Maestra)/Arvejas%2024788a385be780ad9b5ff90abefd1f29.md),250,No,
Charquicán (Bases%20de%20datos%20Familiares%20(Maestra%20Suprema)/Recetario%20Familiar/Charquic%C3%A1n%2024788a385be78023b06ff892a977d814.md),Porotos Verdes (Bases%20de%20datos%20Familiares%20(Maestra%20Suprema)/Despensa%20Productos%20(Maestra)/Porotos%20Verdes%2024688a385be780deac91eb42cb2aa0a2.md),200,No,
Charquicán (Bases%20de%20datos%20Familiares%20(Maestra%20Suprema)/Recetario%20Familiar/Charquic%C3%A1n%2024788a385be78023b06ff892a977d814.md),Pimentón (Bases%20de%20datos%20Familiares%20(Maestra%20Suprema)/Despensa%20Productos%20(Maestra)/Piment%C3%B3n%2024688a385be7803c8863ecbae6058762.md),0.5,No,
Fajitas (Bases%20de%20datos%20Familiares%20(Maestra%20Suprema)/Recetario%20Familiar/Fajitas%2024788a385be78025ac1bd5580fc02998.md),Tortillas Fajitas (Bases%20de%20datos%20Familiares%20(Maestra%20Suprema)/Despensa%20Productos%20(Maestra)/Tortillas%20Fajitas%2024788a385be7806fa0d7c8c774524ec1.md),16,No,
Fajitas (Bases%20de%20datos%20Familiares%20(Maestra%20Suprema)/Recetario%20Familiar/Fajitas%2024788a385be78025ac1bd5580fc02998.md),Tomate (Bases%20de%20datos%20Familiares%20(Maestra%20Suprema)/Despensa%20Productos%20(Maestra)/Tomate%2024788a385be7806cb583e339ff144cd5.md),800,No,
Fajitas (Bases%20de%20datos%20Familiares%20(Maestra%20Suprema)/Recetario%20Familiar/Fajitas%2024788a385be78025ac1bd5580fc02998.md),Palta (Bases%20de%20datos%20Familiares%20(Maestra%20Suprema)/Despensa%20Productos%20(Maestra)/Palta%2024788a385be78057a94ed8ea0db98611.md),600,No,
Fajitas (Bases%20de%20datos%20Familiares%20(Maestra%20Suprema)/Recetario%20Familiar/Fajitas%2024788a385be78025ac1bd5580fc02998.md),Mayonesa (Bases%20de%20datos%20Familiares%20(Maestra%20Suprema)/Despensa%20Productos%20(Maestra)/Mayonesa%2024788a385be780abaac5d1460a31286a.md),150,No,
Fajitas (Bases%20de%20datos%20Familiares%20(Maestra%20Suprema)/Recetario%20Familiar/Fajitas%2024788a385be78025ac1bd5580fc02998.md),Choclo (Bases%20de%20datos%20Familiares%20(Maestra%20Suprema)/Despensa%20Productos%20(Maestra)/Choclo%2024688a385be780c1b0d5f0871c586323.md),500,No,
Fajitas (Bases%20de%20datos%20Familiares%20(Maestra%20Suprema)/Recetario%20Familiar/Fajitas%2024788a385be78025ac1bd5580fc02998.md),Ketchup (Bases%20de%20datos%20Familiares%20(Maestra%20Suprema)/Despensa%20Productos%20(Maestra)/Ketchup%2024788a385be7807f82e2f6e1bfe762e1.md),200,No,
Arroz con nugget (Bases%20de%20datos%20Familiares%20(Maestra%20Suprema)/Recetario%20Familiar/Arroz%20con%20nugget%2025f88a385be780f88a49c17931294564.md),Sal (Bases%20de%20datos%20Familiares%20(Maestra%20Suprema)/Despensa%20Productos%20(Maestra)/Sal%2024388a385be7807c8327ca54cb041202.md),0,No,
Ravioles (Bases%20de%20datos%20Familiares%20(Maestra%20Suprema)/Recetario%20Familiar/Ravioles%2024788a385be780f7ace3e4aa6f7bdbea.md),Salsa de tomate (Bases%20de%20datos%20Familiares%20(Maestra%20Suprema)/Despensa%20Productos%20(Maestra)/Salsa%20de%20tomate%2024788a385be7800c8b35fb6bf890672e.md),1600,No,
Ravioles (Bases%20de%20datos%20Familiares%20(Maestra%20Suprema)/Recetario%20Familiar/Ravioles%2024788a385be780f7ace3e4aa6f7bdbea.md),Queso rallado (Bases%20de%20datos%20Familiares%20(Maestra%20Suprema)/Despensa%20Productos%20(Maestra)/Queso%20rallado%2024788a385be78051b628e70fa5fce3f0.md),40,No,
Tortilla de acelga con papas (Bases%20de%20datos%20Familiares%20(Maestra%20Suprema)/Recetario%20Familiar/Tortilla%20de%20acelga%20con%20papas%2024788a385be78003960af7de69a0a4c3.md),Huevos (Bases%20de%20datos%20Familiares%20(Maestra%20Suprema)/Despensa%20Productos%20(Maestra)/Huevos%2024688a385be780d981a0c29009922ba9.md),8,No,
Tortilla de acelga con papas (Bases%20de%20datos%20Familiares%20(Maestra%20Suprema)/Recetario%20Familiar/Tortilla%20de%20acelga%20con%20papas%2024788a385be78003960af7de69a0a4c3.md),Acelga (Bases%20de%20datos%20Familiares%20(Maestra%20Suprema)/Despensa%20Productos%20(Maestra)/Acelga%2024788a385be78081bdaad626bf6bd1e8.md),2,No,
Tortilla de acelga con papas (Bases%20de%20datos%20Familiares%20(Maestra%20Suprema)/Recetario%20Familiar/Tortilla%20de%20acelga%20con%20papas%2024788a385be78003960af7de69a0a4c3.md),Cebolla (Bases%20de%20datos%20Familiares%20(Maestra%20Suprema)/Despensa%20Productos%20(Maestra)/Cebolla%2024688a385be78035811fc2f9ededdb23.md),400,No,
Tortilla de acelga con papas (Bases%20de%20datos%20Familiares%20(Maestra%20Suprema)/Recetario%20Familiar/Tortilla%20de%20acelga%20con%20papas%2024788a385be78003960af7de69a0a4c3.md),Zanahoria (Bases%20de%20datos%20Familiares%20(Maestra%20Suprema)/Despensa%20Productos%20(Maestra)/Zanahoria%2024688a385be780b19916e63cee979ebd.md),200,No,
Tortilla de acelga con papas (Bases%20de%20datos%20Familiares%20(Maestra%20Suprema)/Recetario%20Familiar/Tortilla%20de%20acelga%20con%20papas%2024788a385be78003960af7de69a0a4c3.md),Papas (Bases%20de%20datos%20Familiares%20(Maestra%20Suprema)/Despensa%20Productos%20(Maestra)/Papas%2024688a385be78051952ef07bb7a71e4d.md),2000,No,
Puré con pollo al horno (Bases%20de%20datos%20Familiares%20(Maestra%20Suprema)/Recetario%20Familiar/Pur%C3%A9%20con%20pollo%20al%20horno%2024788a385be78063a682f09a8150f592.md),Papas (Bases%20de%20datos%20Familiares%20(Maestra%20Suprema)/Despensa%20Productos%20(Maestra)/Papas%2024688a385be78051952ef07bb7a71e4d.md),1500,No,
Puré con pollo al horno (Bases%20de%20datos%20Familiares%20(Maestra%20Suprema)/Recetario%20Familiar/Pur%C3%A9%20con%20pollo%20al%20horno%2024788a385be78063a682f09a8150f592.md),Crema sin lactosa (Bases%20de%20datos%20Familiares%20(Maestra%20Suprema)/Despensa%20Productos%20(Maestra)/Crema%20sin%20lactosa%2024688a385be7804fa5bfc491266afc81.md),200,No,
Puré con pollo al horno (Bases%20de%20datos%20Familiares%20(Maestra%20Suprema)/Recetario%20Familiar/Pur%C3%A9%20con%20pollo%20al%20horno%2024788a385be78063a682f09a8150f592.md),Mantequilla (Bases%20de%20datos%20Familiares%20(Maestra%20Suprema)/Despensa%20Productos%20(Maestra)/Mantequilla%2024788a385be780f6b9bdee4757ad713a.md),50,No,
Puré con pollo al horno (Bases%20de%20datos%20Familiares%20(Maestra%20Suprema)/Recetario%20Familiar/Pur%C3%A9%20con%20pollo%20al%20horno%2024788a385be78063a682f09a8150f592.md),Pollo (Bases%20de%20datos%20Familiares%20(Maestra%20Suprema)/Despensa%20Productos%20(Maestra)/Pollo%2024688a385be7808d92f5fa608044b9ca.md),1500,No,
Puré con pollo al horno (Bases%20de%20datos%20Familiares%20(Maestra%20Suprema)/Recetario%20Familiar/Pur%C3%A9%20con%20pollo%20al%20horno%2024788a385be78063a682f09a8150f592.md),aceite de oliva (Bases%20de%20datos%20Familiares%20(Maestra%20Suprema)/Despensa%20Productos%20(Maestra)/aceite%20de%20oliva%2024788a385be78079b467f1500a0dfff9.md),20,No,
Garbanzos (Bases%20de%20datos%20Familiares%20(Maestra%20Suprema)/Recetario%20Familiar/Garbanzos%2024788a385be7800c817fef4c18570643.md),Zanahoria (Bases%20de%20datos%20Familiares%20(Maestra%20Suprema)/Despensa%20Productos%20(Maestra)/Zanahoria%2024688a385be780b19916e63cee979ebd.md),0,No,
Garbanzos (Bases%20de%20datos%20Familiares%20(Maestra%20Suprema)/Recetario%20Familiar/Garbanzos%2024788a385be7800c817fef4c18570643.md),Cebolla (Bases%20de%20datos%20Familiares%20(Maestra%20Suprema)/Despensa%20Productos%20(Maestra)/Cebolla%2024688a385be78035811fc2f9ededdb23.md),0,No,
Garbanzos (Bases%20de%20datos%20Familiares%20(Maestra%20Suprema)/Recetario%20Familiar/Garbanzos%2024788a385be7800c817fef4c18570643.md),Pimentón (Bases%20de%20datos%20Familiares%20(Maestra%20Suprema)/Despensa%20Productos%20(Maestra)/Piment%C3%B3n%2024688a385be7803c8863ecbae6058762.md),0,No,
Garbanzos (Bases%20de%20datos%20Familiares%20(Maestra%20Suprema)/Recetario%20Familiar/Garbanzos%2024788a385be7800c817fef4c18570643.md),Garbanzos (Bases%20de%20datos%20Familiares%20(Maestra%20Suprema)/Despensa%20Productos%20(Maestra)/Garbanzos%2024688a385be780bb9d2ffcc20857872d.md),0,No,3850
Garbanzos (Bases%20de%20datos%20Familiares%20(Maestra%20Suprema)/Recetario%20Familiar/Garbanzos%2024788a385be7800c817fef4c18570643.md),Arroz (Bases%20de%20datos%20Familiares%20(Maestra%20Suprema)/Despensa%20Productos%20(Maestra)/Arroz%2024688a385be7806eb9f7f7ab70a8dcdd.md),0,No,2530
Arroz con salsa (Bases%20de%20datos%20Familiares%20(Maestra%20Suprema)/Recetario%20Familiar/Arroz%20con%20salsa%2024788a385be7807b9351e181b5a63e12.md),Zanahoria (Bases%20de%20datos%20Familiares%20(Maestra%20Suprema)/Despensa%20Productos%20(Maestra)/Zanahoria%2024688a385be780b19916e63cee979ebd.md),100,No,
Arroz con salsa (Bases%20de%20datos%20Familiares%20(Maestra%20Suprema)/Recetario%20Familiar/Arroz%20con%20salsa%2024788a385be7807b9351e181b5a63e12.md),Cebolla (Bases%20de%20datos%20Familiares%20(Maestra%20Suprema)/Despensa%20Productos%20(Maestra)/Cebolla%2024688a385be78035811fc2f9ededdb23.md),200,No,
Arroz con salsa (Bases%20de%20datos%20Familiares%20(Maestra%20Suprema)/Recetario%20Familiar/Arroz%20con%20salsa%2024788a385be7807b9351e181b5a63e12.md),Pimentón (Bases%20de%20datos%20Familiares%20(Maestra%20Suprema)/Despensa%20Productos%20(Maestra)/Piment%C3%B3n%2024688a385be7803c8863ecbae6058762.md),0.5,No,
Arroz con salsa (Bases%20de%20datos%20Familiares%20(Maestra%20Suprema)/Recetario%20Familiar/Arroz%20con%20salsa%2024788a385be7807b9351e181b5a63e12.md),Carne molida (Bases%20de%20datos%20Familiares%20(Maestra%20Suprema)/Despensa%20Productos%20(Maestra)/Carne%20molida%2024688a385be780458ebce3f8e8143f04.md),800,No,
Arroz con salsa (Bases%20de%20datos%20Familiares%20(Maestra%20Suprema)/Recetario%20Familiar/Arroz%20con%20salsa%2024788a385be7807b9351e181b5a63e12.md),Salsa de tomate (Bases%20de%20datos%20Familiares%20(Maestra%20Suprema)/Despensa%20Productos%20(Maestra)/Salsa%20de%20tomate%2024788a385be7800c8b35fb6bf890672e.md),800,No,
Arroz con salsa (Bases%20de%20datos%20Familiares%20(Maestra%20Suprema)/Recetario%20Familiar/Arroz%20con%20salsa%2024788a385be7807b9351e181b5a63e12.md),Arroz (Bases%20de%20datos%20Familiares%20(Maestra%20Suprema)/Despensa%20Productos%20(Maestra)/Arroz%2024688a385be7806eb9f7f7ab70a8dcdd.md),350,No,
Cazuela (Bases%20de%20datos%20Familiares%20(Maestra%20Suprema)/Recetario%20Familiar/Cazuela%2024788a385be7800eae23c4ba186ccef2.md),Pimentón (Bases%20de%20datos%20Familiares%20(Maestra%20Suprema)/Despensa%20Productos%20(Maestra)/Piment%C3%B3n%2024688a385be7803c8863ecbae6058762.md),0.5,No,
Cazuela (Bases%20de%20datos%20Familiares%20(Maestra%20Suprema)/Recetario%20Familiar/Cazuela%2024788a385be7800eae23c4ba186ccef2.md),Cebolla (Bases%20de%20datos%20Familiares%20(Maestra%20Suprema)/Despensa%20Productos%20(Maestra)/Cebolla%2024688a385be78035811fc2f9ededdb23.md),200,No,
Cazuela (Bases%20de%20datos%20Familiares%20(Maestra%20Suprema)/Recetario%20Familiar/Cazuela%2024788a385be7800eae23c4ba186ccef2.md),Zanahoria (Bases%20de%20datos%20Familiares%20(Maestra%20Suprema)/Despensa%20Productos%20(Maestra)/Zanahoria%2024688a385be780b19916e63cee979ebd.md),100,No,
Cazuela (Bases%20de%20datos%20Familiares%20(Maestra%20Suprema)/Recetario%20Familiar/Cazuela%2024788a385be7800eae23c4ba186ccef2.md),Caldo (Bases%20de%20datos%20Familiares%20(Maestra%20Suprema)/Despensa%20Productos%20(Maestra)/Caldo%2024688a385be780cc9349e2ced69e9a31.md),5,No,
Cazuela (Bases%20de%20datos%20Familiares%20(Maestra%20Suprema)/Recetario%20Familiar/Cazuela%2024788a385be7800eae23c4ba186ccef2.md),Papas (Bases%20de%20datos%20Familiares%20(Maestra%20Suprema)/Despensa%20Productos%20(Maestra)/Papas%2024688a385be78051952ef07bb7a71e4d.md),800,No,
Cazuela (Bases%20de%20datos%20Familiares%20(Maestra%20Suprema)/Recetario%20Familiar/Cazuela%2024788a385be7800eae23c4ba186ccef2.md),Zapallo (Bases%20de%20datos%20Familiares%20(Maestra%20Suprema)/Despensa%20Productos%20(Maestra)/Zapallo%2024788a385be780118c65cee1c7e8acb5.md),500,No,
Cazuela (Bases%20de%20datos%20Familiares%20(Maestra%20Suprema)/Recetario%20Familiar/Cazuela%2024788a385be7800eae23c4ba186ccef2.md),Arroz (Bases%20de%20datos%20Familiares%20(Maestra%20Suprema)/Despensa%20Productos%20(Maestra)/Arroz%2024688a385be7806eb9f7f7ab70a8dcdd.md),50,No,
Cazuela (Bases%20de%20datos%20Familiares%20(Maestra%20Suprema)/Recetario%20Familiar/Cazuela%2024788a385be7800eae23c4ba186ccef2.md),Choclo (Bases%20de%20datos%20Familiares%20(Maestra%20Suprema)/Despensa%20Productos%20(Maestra)/Choclo%2024688a385be780c1b0d5f0871c586323.md),250,No,
Cazuela (Bases%20de%20datos%20Familiares%20(Maestra%20Suprema)/Recetario%20Familiar/Cazuela%2024788a385be7800eae23c4ba186ccef2.md),Porotos Verdes (Bases%20de%20datos%20Familiares%20(Maestra%20Suprema)/Despensa%20Productos%20(Maestra)/Porotos%20Verdes%2024688a385be780deac91eb42cb2aa0a2.md),175,No,
Cazuela (Bases%20de%20datos%20Familiares%20(Maestra%20Suprema)/Recetario%20Familiar/Cazuela%2024788a385be7800eae23c4ba186ccef2.md),Carne entera (Bases%20de%20datos%20Familiares%20(Maestra%20Suprema)/Despensa%20Productos%20(Maestra)/Carne%20entera%2024688a385be780589a0de3f0de519501.md),1500,No,
Porotos (Bases%20de%20datos%20Familiares%20(Maestra%20Suprema)/Recetario%20Familiar/Porotos%2024788a385be7801aafffe89a1ac73dd2.md),Porotos (Bases%20de%20datos%20Familiares%20(Maestra%20Suprema)/Despensa%20Productos%20(Maestra)/Porotos%2024688a385be78008bde9fb6702be97df.md),0,No,
Porotos (Bases%20de%20datos%20Familiares%20(Maestra%20Suprema)/Recetario%20Familiar/Porotos%2024788a385be7801aafffe89a1ac73dd2.md),Fideos (Bases%20de%20datos%20Familiares%20(Maestra%20Suprema)/Despensa%20Productos%20(Maestra)/Fideos%2024688a385be7800a81eec78ac805a286.md),0,No,
Porotos (Bases%20de%20datos%20Familiares%20(Maestra%20Suprema)/Recetario%20Familiar/Porotos%2024788a385be7801aafffe89a1ac73dd2.md),Zapallo (Bases%20de%20datos%20Familiares%20(Maestra%20Suprema)/Despensa%20Productos%20(Maestra)/Zapallo%2024788a385be780118c65cee1c7e8acb5.md),0,No,
Porotos (Bases%20de%20datos%20Familiares%20(Maestra%20Suprema)/Recetario%20Familiar/Porotos%2024788a385be7801aafffe89a1ac73dd2.md),Cebolla (Bases%20de%20datos%20Familiares%20(Maestra%20Suprema)/Despensa%20Productos%20(Maestra)/Cebolla%2024688a385be78035811fc2f9ededdb23.md),0,No,
Porotos (Bases%20de%20datos%20Familiares%20(Maestra%20Suprema)/Recetario%20Familiar/Porotos%2024788a385be7801aafffe89a1ac73dd2.md),Zanahoria (Bases%20de%20datos%20Familiares%20(Maestra%20Suprema)/Despensa%20Productos%20(Maestra)/Zanahoria%2024688a385be780b19916e63cee979ebd.md),0,No,
Porotos (Bases%20de%20datos%20Familiares%20(Maestra%20Suprema)/Recetario%20Familiar/Porotos%2024788a385be7801aafffe89a1ac73dd2.md),Pimentón (Bases%20de%20datos%20Familiares%20(Maestra%20Suprema)/Despensa%20Productos%20(Maestra)/Piment%C3%B3n%2024688a385be7803c8863ecbae6058762.md),0,No,
Arroz con waffles de verdura (Bases%20de%20datos%20Familiares%20(Maestra%20Suprema)/Recetario%20Familiar/Arroz%20con%20waffles%20de%20verdura%2024788a385be780cc911fd616b04a829a.md),Arroz (Bases%20de%20datos%20Familiares%20(Maestra%20Suprema)/Despensa%20Productos%20(Maestra)/Arroz%2024688a385be7806eb9f7f7ab70a8dcdd.md),700,No,
Arroz con waffles de verdura (Bases%20de%20datos%20Familiares%20(Maestra%20Suprema)/Recetario%20Familiar/Arroz%20con%20waffles%20de%20verdura%2024788a385be780cc911fd616b04a829a.md),"Brocoli (Bases%20de%20datos%20Familiares%20(Maestra%20Suprema)/Despensa%20Productos%20(Maestra)/Brocoli%2024688a385be780afafe7d3d6d48be6aa.md) ",1,No,
Arroz con waffles de verdura (Bases%20de%20datos%20Familiares%20(Maestra%20Suprema)/Recetario%20Familiar/Arroz%20con%20waffles%20de%20verdura%2024788a385be780cc911fd616b04a829a.md),Pollo (Bases%20de%20datos%20Familiares%20(Maestra%20Suprema)/Despensa%20Productos%20(Maestra)/Pollo%2024688a385be7808d92f5fa608044b9ca.md),1000,No,
Arroz con waffles de verdura (Bases%20de%20datos%20Familiares%20(Maestra%20Suprema)/Recetario%20Familiar/Arroz%20con%20waffles%20de%20verdura%2024788a385be780cc911fd616b04a829a.md),Zapallo Italiano (Bases%20de%20datos%20Familiares%20(Maestra%20Suprema)/Despensa%20Productos%20(Maestra)/Zapallo%20Italiano%2024688a385be78048a084c311fc636fbb.md),6,No,
Arroz con waffles de verdura (Bases%20de%20datos%20Familiares%20(Maestra%20Suprema)/Recetario%20Familiar/Arroz%20con%20waffles%20de%20verdura%2024788a385be780cc911fd616b04a829a.md),Acelga (Bases%20de%20datos%20Familiares%20(Maestra%20Suprema)/Despensa%20Productos%20(Maestra)/Acelga%2024788a385be78081bdaad626bf6bd1e8.md),2,No,
Arroz con waffles de verdura (Bases%20de%20datos%20Familiares%20(Maestra%20Suprema)/Recetario%20Familiar/Arroz%20con%20waffles%20de%20verdura%2024788a385be780cc911fd616b04a829a.md),Huevos (Bases%20de%20datos%20Familiares%20(Maestra%20Suprema)/Despensa%20Productos%20(Maestra)/Huevos%2024688a385be780d981a0c29009922ba9.md),8,No,
Carbonada (Bases%20de%20datos%20Familiares%20(Maestra%20Suprema)/Recetario%20Familiar/Carbonada%2024788a385be780b997b9c2be62eeacc5.md),Cebolla (Bases%20de%20datos%20Familiares%20(Maestra%20Suprema)/Despensa%20Productos%20(Maestra)/Cebolla%2024688a385be78035811fc2f9ededdb23.md),200,No,
Carbonada (Bases%20de%20datos%20Familiares%20(Maestra%20Suprema)/Recetario%20Familiar/Carbonada%2024788a385be780b997b9c2be62eeacc5.md),Pimentón (Bases%20de%20datos%20Familiares%20(Maestra%20Suprema)/Despensa%20Productos%20(Maestra)/Piment%C3%B3n%2024688a385be7803c8863ecbae6058762.md),0.5,No,
Carbonada (Bases%20de%20datos%20Familiares%20(Maestra%20Suprema)/Recetario%20Familiar/Carbonada%2024788a385be780b997b9c2be62eeacc5.md),Zanahoria (Bases%20de%20datos%20Familiares%20(Maestra%20Suprema)/Despensa%20Productos%20(Maestra)/Zanahoria%2024688a385be780b19916e63cee979ebd.md),100,No,
Carbonada (Bases%20de%20datos%20Familiares%20(Maestra%20Suprema)/Recetario%20Familiar/Carbonada%2024788a385be780b997b9c2be62eeacc5.md),Papas (Bases%20de%20datos%20Familiares%20(Maestra%20Suprema)/Despensa%20Productos%20(Maestra)/Papas%2024688a385be78051952ef07bb7a71e4d.md),800,No,
Carbonada (Bases%20de%20datos%20Familiares%20(Maestra%20Suprema)/Recetario%20Familiar/Carbonada%2024788a385be780b997b9c2be62eeacc5.md),Zapallo (Bases%20de%20datos%20Familiares%20(Maestra%20Suprema)/Despensa%20Productos%20(Maestra)/Zapallo%2024788a385be780118c65cee1c7e8acb5.md),500,No,
Carbonada (Bases%20de%20datos%20Familiares%20(Maestra%20Suprema)/Recetario%20Familiar/Carbonada%2024788a385be780b997b9c2be62eeacc5.md),Choclo (Bases%20de%20datos%20Familiares%20(Maestra%20Suprema)/Despensa%20Productos%20(Maestra)/Choclo%2024688a385be780c1b0d5f0871c586323.md),250,No,
Carbonada (Bases%20de%20datos%20Familiares%20(Maestra%20Suprema)/Recetario%20Familiar/Carbonada%2024788a385be780b997b9c2be62eeacc5.md),Porotos Verdes (Bases%20de%20datos%20Familiares%20(Maestra%20Suprema)/Despensa%20Productos%20(Maestra)/Porotos%20Verdes%2024688a385be780deac91eb42cb2aa0a2.md),175,No,
Carbonada (Bases%20de%20datos%20Familiares%20(Maestra%20Suprema)/Recetario%20Familiar/Carbonada%2024788a385be780b997b9c2be62eeacc5.md),Carne entera (Bases%20de%20datos%20Familiares%20(Maestra%20Suprema)/Despensa%20Productos%20(Maestra)/Carne%20entera%2024688a385be780589a0de3f0de519501.md),1200,No,
Puré con bistec (Bases%20de%20datos%20Familiares%20(Maestra%20Suprema)/Recetario%20Familiar/Pur%C3%A9%20con%20bistec%2024788a385be7808faae6c6b9d7fa0d20.md),Papas (Bases%20de%20datos%20Familiares%20(Maestra%20Suprema)/Despensa%20Productos%20(Maestra)/Papas%2024688a385be78051952ef07bb7a71e4d.md),1500,No,
Puré con bistec (Bases%20de%20datos%20Familiares%20(Maestra%20Suprema)/Recetario%20Familiar/Pur%C3%A9%20con%20bistec%2024788a385be7808faae6c6b9d7fa0d20.md),Crema sin lactosa (Bases%20de%20datos%20Familiares%20(Maestra%20Suprema)/Despensa%20Productos%20(Maestra)/Crema%20sin%20lactosa%2024688a385be7804fa5bfc491266afc81.md),200,No,
Puré con bistec (Bases%20de%20datos%20Familiares%20(Maestra%20Suprema)/Recetario%20Familiar/Pur%C3%A9%20con%20bistec%2024788a385be7808faae6c6b9d7fa0d20.md),Mantequilla (Bases%20de%20datos%20Familiares%20(Maestra%20Suprema)/Despensa%20Productos%20(Maestra)/Mantequilla%2024788a385be780f6b9bdee4757ad713a.md),50,No,
Puré con bistec (Bases%20de%20datos%20Familiares%20(Maestra%20Suprema)/Recetario%20Familiar/Pur%C3%A9%20con%20bistec%2024788a385be7808faae6c6b9d7fa0d20.md),Bistec (Bases%20de%20datos%20Familiares%20(Maestra%20Suprema)/Despensa%20Productos%20(Maestra)/Bistec%2024688a385be780cc8a1bd6e3c2eb626a.md),1200,No,
Puré con Pollo (Bases%20de%20datos%20Familiares%20(Maestra%20Suprema)/Recetario%20Familiar/Pur%C3%A9%20con%20Pollo%2024788a385be7805ea93adfe24c45b68b.md),Papas (Bases%20de%20datos%20Familiares%20(Maestra%20Suprema)/Despensa%20Productos%20(Maestra)/Papas%2024688a385be78051952ef07bb7a71e4d.md),1500,No,
Puré con Pollo (Bases%20de%20datos%20Familiares%20(Maestra%20Suprema)/Recetario%20Familiar/Pur%C3%A9%20con%20Pollo%2024788a385be7805ea93adfe24c45b68b.md),Crema sin lactosa (Bases%20de%20datos%20Familiares%20(Maestra%20Suprema)/Despensa%20Productos%20(Maestra)/Crema%20sin%20lactosa%2024688a385be7804fa5bfc491266afc81.md),200,No,
Puré con Pollo (Bases%20de%20datos%20Familiares%20(Maestra%20Suprema)/Recetario%20Familiar/Pur%C3%A9%20con%20Pollo%2024788a385be7805ea93adfe24c45b68b.md),Mantequilla (Bases%20de%20datos%20Familiares%20(Maestra%20Suprema)/Despensa%20Productos%20(Maestra)/Mantequilla%2024788a385be780f6b9bdee4757ad713a.md),50,No,
Puré con Pollo (Bases%20de%20datos%20Familiares%20(Maestra%20Suprema)/Recetario%20Familiar/Pur%C3%A9%20con%20Pollo%2024788a385be7805ea93adfe24c45b68b.md),Pollo (Bases%20de%20datos%20Familiares%20(Maestra%20Suprema)/Despensa%20Productos%20(Maestra)/Pollo%2024688a385be7808d92f5fa608044b9ca.md),1200,No,
Puré con Pollo (Bases%20de%20datos%20Familiares%20(Maestra%20Suprema)/Recetario%20Familiar/Pur%C3%A9%20con%20Pollo%2024788a385be7805ea93adfe24c45b68b.md),Cebolla (Bases%20de%20datos%20Familiares%20(Maestra%20Suprema)/Despensa%20Productos%20(Maestra)/Cebolla%2024688a385be78035811fc2f9ededdb23.md),200,No,
Puré con Pollo (Bases%20de%20datos%20Familiares%20(Maestra%20Suprema)/Recetario%20Familiar/Pur%C3%A9%20con%20Pollo%2024788a385be7805ea93adfe24c45b68b.md),Maicena (Bases%20de%20datos%20Familiares%20(Maestra%20Suprema)/Despensa%20Productos%20(Maestra)/Maicena%2024788a385be780e19588c7a25bf6f66a.md),50,No,
Puré con Pollo (Bases%20de%20datos%20Familiares%20(Maestra%20Suprema)/Recetario%20Familiar/Pur%C3%A9%20con%20Pollo%2024788a385be7805ea93adfe24c45b68b.md),Perejil (Bases%20de%20datos%20Familiares%20(Maestra%20Suprema)/Despensa%20Productos%20(Maestra)/Perejil%2024788a385be780dfb647e0e231ec12c2.md),1,No,
Lasagna (Bases%20de%20datos%20Familiares%20(Maestra%20Suprema)/Recetario%20Familiar/Lasagna%2024988a385be7800cbf17c0be81ab948a.md),Carne molida (Bases%20de%20datos%20Familiares%20(Maestra%20Suprema)/Despensa%20Productos%20(Maestra)/Carne%20molida%2024688a385be780458ebce3f8e8143f04.md),1000,No,
Lasagna (Bases%20de%20datos%20Familiares%20(Maestra%20Suprema)/Recetario%20Familiar/Lasagna%2024988a385be7800cbf17c0be81ab948a.md),Cebolla (Bases%20de%20datos%20Familiares%20(Maestra%20Suprema)/Despensa%20Productos%20(Maestra)/Cebolla%2024688a385be78035811fc2f9ededdb23.md),200,No,
Lasagna (Bases%20de%20datos%20Familiares%20(Maestra%20Suprema)/Recetario%20Familiar/Lasagna%2024988a385be7800cbf17c0be81ab948a.md),Zanahoria (Bases%20de%20datos%20Familiares%20(Maestra%20Suprema)/Despensa%20Productos%20(Maestra)/Zanahoria%2024688a385be780b19916e63cee979ebd.md),800,No,
Lasagna (Bases%20de%20datos%20Familiares%20(Maestra%20Suprema)/Recetario%20Familiar/Lasagna%2024988a385be7800cbf17c0be81ab948a.md),Salsa de tomate (Bases%20de%20datos%20Familiares%20(Maestra%20Suprema)/Despensa%20Productos%20(Maestra)/Salsa%20de%20tomate%2024788a385be7800c8b35fb6bf890672e.md),800,No,
Lasagna (Bases%20de%20datos%20Familiares%20(Maestra%20Suprema)/Recetario%20Familiar/Lasagna%2024988a385be7800cbf17c0be81ab948a.md),Mozzarella (Bases%20de%20datos%20Familiares%20(Maestra%20Suprema)/Despensa%20Productos%20(Maestra)/Mozzarella%2024988a385be780c3b6aed7b85823feb5.md),400,No,
Lasagna (Bases%20de%20datos%20Familiares%20(Maestra%20Suprema)/Recetario%20Familiar/Lasagna%2024988a385be7800cbf17c0be81ab948a.md),Queso rallado (Bases%20de%20datos%20Familiares%20(Maestra%20Suprema)/Despensa%20Productos%20(Maestra)/Queso%20rallado%2024788a385be78051b628e70fa5fce3f0.md),40,No,
Lasagna (Bases%20de%20datos%20Familiares%20(Maestra%20Suprema)/Recetario%20Familiar/Lasagna%2024988a385be7800cbf17c0be81ab948a.md),Champiñones (Bases%20de%20datos%20Familiares%20(Maestra%20Suprema)/Despensa%20Productos%20(Maestra)/Champi%C3%B1ones%2024788a385be78065a38dd9727d60cb9d.md),115,No,
Lasagna (Bases%20de%20datos%20Familiares%20(Maestra%20Suprema)/Recetario%20Familiar/Lasagna%2024988a385be7800cbf17c0be81ab948a.md),Mantequilla (Bases%20de%20datos%20Familiares%20(Maestra%20Suprema)/Despensa%20Productos%20(Maestra)/Mantequilla%2024788a385be780f6b9bdee4757ad713a.md),150,No,
Lasagna (Bases%20de%20datos%20Familiares%20(Maestra%20Suprema)/Recetario%20Familiar/Lasagna%2024988a385be7800cbf17c0be81ab948a.md),Leche sin lactosa (Bases%20de%20datos%20Familiares%20(Maestra%20Suprema)/Despensa%20Productos%20(Maestra)/Leche%20sin%20lactosa%2024988a385be780acaf15e57e702c35b2.md),600,No,
Lasagna (Bases%20de%20datos%20Familiares%20(Maestra%20Suprema)/Recetario%20Familiar/Lasagna%2024988a385be7800cbf17c0be81ab948a.md),Harina 0000 (Bases%20de%20datos%20Familiares%20(Maestra%20Suprema)/Despensa%20Productos%20(Maestra)/Harina%200000%2024088a385be780cd84dae071e44c1b18.md),75,No,
Lasagna (Bases%20de%20datos%20Familiares%20(Maestra%20Suprema)/Recetario%20Familiar/Lasagna%2024988a385be7800cbf17c0be81ab948a.md),Sal (Bases%20de%20datos%20Familiares%20(Maestra%20Suprema)/Despensa%20Productos%20(Maestra)/Sal%2024388a385be7807c8327ca54cb041202.md),15,No,
Arroz con nugget (Bases%20de%20datos%20Familiares%20(Maestra%20Suprema)/Recetario%20Familiar/Arroz%20con%20nugget%2025f88a385be780f88a49c17931294564.md),"aceite de oliva (Bases%20de%20datos%20Familiares%20(Maestra%20Suprema)/Despensa%20Productos%20(Maestra)/aceite%20de%20oliva%2024788a385be78079b467f1500a0dfff9.md) ",0,No,
Arroz con nugget (Bases%20de%20datos%20Familiares%20(Maestra%20Suprema)/Recetario%20Familiar/Arroz%20con%20nugget%2025f88a385be780f88a49c17931294564.md),"Arroz (Bases%20de%20datos%20Familiares%20(Maestra%20Suprema)/Despensa%20Productos%20(Maestra)/Arroz%2024688a385be7806eb9f7f7ab70a8dcdd.md) ",0,No,
Arroz con nugget (Bases%20de%20datos%20Familiares%20(Maestra%20Suprema)/Recetario%20Familiar/Arroz%20con%20nugget%2025f88a385be780f88a49c17931294564.md),"Nuggets (Bases%20de%20datos%20Familiares%20(Maestra%20Suprema)/Despensa%20Productos%20(Maestra)/Nuggets%2025f88a385be780fd9fd9e6d1df67d66b.md) ",0,No,